dataset,num_features,id_acc_orig,id_acc_pre,id_acc_wm,verify_pre_auc,verify_pre_acc,verify_pre_tpr1,verify_orig_auc,verify_orig_acc,verify_orig_tpr1,fid_wm_pre,fid_wm_orig,clip_wm_pre,clip_wm_orig,is_wm_mean
CelebA_HQ,30,0.01030389363722697,0.010944919278252611,0.9255698005698005,0.8979935735099553,0.8273148148148148,0.4537749287749288,0.8559876999780847,0.7917022792022792,0.3740265906932574,18.121500676049866,76.25897139998914,0.9439618522186338,0.72762543741695,2.7434605475266776
AFHQ_Dog,4,0.01103988603988604,0.009793447293447295,0.9223646723646723,0.8693031991420523,0.8054665242165242,0.2808048433048433,0.7979183280776941,0.7480413105413105,0.16791310541310542,12.653928804237552,66.84859048405647,0.9428797846293857,0.8394373798918011,10.440216368436813
LSUN_Church,4,0.011217948717948718,0.01282051282051282,0.754985754985755,0.818434407999935,0.7503561253561254,0.29024216524216523,0.7376656718492545,0.6939102564102564,0.224002849002849,14.31715099020932,59.06701493261148,0.9366849142941315,0.7537678179949352,3.17338604927063
LSUN_Bedroom,4,0.012998575498575499,0.01282051282051282,0.917022792022792,0.9250115791470848,0.8595975783475783,0.600071225071225,0.8873326794222449,0.8250534188034189,0.49572649572649574,16.506789841418062,65.51343109241468,0.9493070922027795,0.7936813649469376,2.9290666341781617
ALL,42,0.010717677384344051,0.011192511192511193,0.9082044498711165,0.8902572369155939,0.8209791751458417,0.43566001899335227,0.8421737551604599,0.7814068647401982,0.3516992266992267,17.084678543451325,72.70203066752391,0.9436748269301001,0.7470549850915047,3.5351069674605418
