dataset,num_features,id_acc_orig,id_acc_pre,id_acc_wm,verify_pre_auc,verify_pre_acc,verify_pre_tpr1,verify_orig_auc,verify_orig_acc,verify_orig_tpr1,fid_wm_pre,fid_wm_orig,clip_wm_pre,clip_wm_orig,is_wm_mean
CelebA_HQ,30,0.010794049117692531,0.010328946641931142,0.9319951025861878,0.906416441794401,0.8369717818966849,0.48969313865147207,0.8715870288651689,0.8055790211797963,0.42094113717175735,18.09606998755425,76.50628337369403,0.94410129558638,0.7273846349363741,2.753100390831629
AFHQ_Dog,30,0.00993730156554268,0.010013914686796271,0.8770119059722442,0.8797971846357683,0.8115953383086169,0.3901869591482997,0.8275714706411087,0.7720926293855491,0.30848114772700447,14.878769065734907,92.14448419937031,0.9409471399450494,0.740015273023644,9.38561241865158
LSUN_Church,4,0.01121794871794872,0.01282051282051282,0.754985754985755,0.818434407999935,0.7503561253561255,0.2902421652421653,0.7376656718492545,0.6939102564102564,0.224002849002849,14.31715099020932,59.06701493261148,0.9366849142941316,0.7537678179949352,3.17338604927063
LSUN_Bedroom,4,0.012998575498575497,0.01282051282051282,0.917022792022792,0.9250115791470848,0.8595975783475783,0.600071225071225,0.8873326794222449,0.8250534188034189,0.49572649572649574,16.506789841418062,65.51343109241468,0.9493070922027795,0.7936813649469375,2.9290666341781613
ALL,68,0.010570685549458133,0.010483087388616542,0.8964447712468698,0.8905910697278409,0.8220121826613802,0.4405537719889222,0.8452168880922697,0.7853824149678685,0.36414096949823876,16.36089610184095,81.7330119307652,0.9432599644381159,0.7377393439603156,5.714282279680754
