dataset,num_features,id_acc_orig,id_acc_pre,id_acc_wm,verify_pre_auc,verify_pre_acc,verify_pre_tpr1,verify_orig_auc,verify_orig_acc,verify_orig_tpr1,fid_wm_pre,fid_wm_orig,clip_wm_pre,clip_wm_orig,is_wm_mean
AFHQ_Dog,30,0.00993730156554268,0.010013914686796271,0.8770119059722442,0.8797971846357683,0.8115953383086169,0.3901869591482997,0.8275714706411087,0.7720926293855491,0.30848114772700447,14.878769065734907,92.14448419937031,0.9409471399450494,0.740015273023644,9.38561241865158
